Ezequiel Walsh,Ezequiel@mail.apu.edu.my,TP123456,654321
Wilton Friesen,Wilton@mail.apu.edu.my,TP878878,88hG12
Jerry Ledner,Jerry@mail.apu.edu.my,TP098778,789456
james,james@mail.apu.edu.my,TP147258,2147
saad,saad@mail.apu.edu.my,TP123456,0000
venkata,venkata@mail.apu.edu.my,TP567890,6789
tendulkar,tendulkar@mail.apu.edu.my,TP135791,1357
venkata,venkata@mail.apu.edu.my,TP567890,6789
chaitanya bysani,chaithu@email.apu.my,TP062476,1304